{"corners": {"eci": [[54.0, 109.84379686596698], [73.0, 125.91086854819257], [428.0, 126.90837576145168], [464.0, 127.58821693636148], [495.0, 130.36836394262266], [590.0, 130.77423066754747], [620.0, 136.51992691171395], [704.0, 142.67608156383653], [719.0, 147.0916708983059], [891.0, 148.03863789506153], [949.0, 150.0], [1010.0, 150.46818068797586], [1052.0, 153.3181723324445], [1075.0, 154.66493011079768], [1131.0, 155.72241735846632], [1159.0, 158.00110192621796], [1208.0, 161.01067551601486]], "aa": [[-32.0, 3.6], [72.0, 7.0], [309.0, 7.9], [428.0, 11.8], [620.0, 17.0], [704.0, 23.4], [785.0, 27.1], [836.0, 30.4], [872.0, 31.0], [891.0, 32.5], [921.0, 33.3], [947.0, 33.7], [949.0, 34.7], [996.0, 36.1], [1002.0, 36.4], [1047.0, 36.9], [1052.0, 39.6], [1058.0, 40.8], [1075.0, 42.2], [1131.0, 44.3], [1143.0, 47.2], [1159.0, 51.4], [1201.0, 53.5], [1208.0, 54.8], [1243.0, 55.7], [1255.0, 59.9]]}, "slope": {"eci": 0.0384651342094583, "aa": 0.04288101656487185}}