{"D_eff": 171.7661980679481, "alpha": 0.1668909239635343, "dd": 0.75, "time_m_days": 1545.5459411079623, "time_k": 0.006987563130869136, "eci_today": 161.0, "rate_base": 13.0, "cone_delta": 0.15, "cone_time": {"up": 0.017657355901526475, "down": 0.005060694394921366}, "cone_eci": {"up": 0.01545392291743097, "down": 0.004898708060159702}}